id,minutes,goals_scored,assists,clean_sheets,goals_conceded,own_goals,penalties_saved,penalties_missed,yellow_cards,red_cards,saves,bonus,bps,influence,creativity,threat,ict_index,total_points,in_dreamteam,first_name,second_name,web_name,team
14,90,0,0,0,1,0,0,0,0,0,3,0,15,26.4,0.0,0.0,2.6,3,FALSE,Bernd,Leno,Leno,1
27,0,0,0,0,0,0,0,0,0,0,0,0,0,0.0,0.0,0.0,0.0,0,FALSE,Ørjan,Nyland,Nyland,2
47,90,0,0,0,1,0,0,0,0,0,2,0,12,19.4,0.0,0.0,1.9,2,FALSE,Mathew,Ryan,Ryan,4
48,0,0,0,0,0,0,0,0,0,0,0,0,0,0.0,0.0,0.0,0.0,0,FALSE,David,Button,Button,4
72,0,0,0,0,0,0,0,0,0,0,0,0,0,0.0,0.0,0.0,0.0,0,FALSE,Asmir,Begovic,Begovic,3
73,0,0,0,0,0,0,0,0,0,0,0,0,0,0.0,0.0,0.0,0.0,0,FALSE,Artur,Boruc,Boruc,3
74,0,0,0,0,0,0,0,0,0,0,0,0,0,0.0,0.0,0.0,0.0,0,FALSE,Mark,Travers,Travers,3
93,90,0,0,0,2,0,0,0,0,0,7,0,24,54.0,10.3,2.0,6.6,3,FALSE,Nick,Pope,Pope,5
94,90,0,0,0,2,0,0,0,0,0,2,0,7,12.2,0.0,0.0,1.2,1,FALSE,Tom,Heaton,Heaton,2
95,0,0,0,0,0,0,0,0,0,0,0,0,0,0.0,0.0,0.0,0.0,0,FALSE,Joe,Hart,Hart,5
111,90,0,0,0,1,0,0,0,0,0,2,0,18,23.0,0.0,0.0,2.3,2,FALSE,Kepa,Arrizabalaga,Kepa,6
112,0,0,0,0,0,0,0,0,0,0,0,0,0,0.0,0.0,0.0,0.0,0,FALSE,Willy,Caballero,Caballero,6
131,90,0,0,0,1,0,0,0,0,0,2,0,16,23.6,0.0,0.0,2.4,2,FALSE,Vicente,Guaita,Guaita,7
132,0,0,0,0,0,0,0,0,0,0,0,0,0,0.0,0.0,0.0,0.0,0,FALSE,Wayne,Hennessey,Hennessey,7
148,90,0,0,1,0,0,0,0,0,0,2,0,26,15.8,0.0,0.0,1.6,6,FALSE,Jordan,Pickford,Pickford,8
149,0,0,0,0,0,0,0,0,0,0,0,0,0,0.0,0.0,0.0,0.0,0,FALSE,Maarten,Stekelenburg,Stekelenburg,8
168,90,0,0,0,1,0,0,0,0,0,4,0,18,36.6,0.0,0.0,3.7,3,FALSE,Kasper,Schmeichel,Schmeichel,9
169,0,0,0,0,0,0,0,0,0,0,0,0,0,0.0,0.0,0.0,0.0,0,FALSE,Eldin,Jakupovic,Jakupovic,9
170,0,0,0,0,0,0,0,0,0,0,0,0,0,0.0,0.0,0.0,0.0,0,FALSE,Danny,Ward,Ward,9
189,0,0,0,0,0,0,0,0,0,0,0,0,0,0.0,0.0,0.0,0.0,0,FALSE,Alisson,Ramses Becker,Alisson,10
190,0,0,0,0,0,0,0,0,0,0,0,0,0,0.0,0.0,0.0,0.0,0,FALSE,Simon,Mignolet,Mignolet,10
212,90,0,0,0,2,0,0,0,0,0,0,0,14,5.0,0.0,0.0,0.5,1,FALSE,Ederson,Santana de Moraes,Ederson,11
213,0,0,0,0,0,0,0,0,0,0,0,0,0,0.0,0.0,0.0,0.0,0,FALSE,Claudio,Bravo,Bravo,11
235,90,0,0,0,1,0,0,0,0,0,1,0,11,13.0,0.0,0.0,1.3,2,FALSE,David,de Gea,de Gea,12
236,0,0,0,0,0,0,0,0,0,0,0,0,0,0.0,0.0,0.0,0.0,0,FALSE,Sergio,Romero,Romero,12
237,0,0,0,0,0,0,0,0,0,0,0,0,0,0.0,0.0,0.0,0.0,0,FALSE,Lee,Grant,Grant,12
262,90,0,0,0,3,0,0,0,0,0,5,0,18,38.6,0.0,0.0,3.9,2,FALSE,Martin,Dubravka,Dubravka,13
263,0,0,0,0,0,0,0,0,0,0,0,0,0,0.0,0.0,0.0,0.0,0,FALSE,Karl,Darlow,Darlow,13
264,0,0,0,0,0,0,0,0,0,0,0,0,0,0.0,0.0,0.0,0.0,0,FALSE,Frederick,Woodman,Woodman,13
280,90,0,0,0,1,0,0,0,0,0,2,0,15,25.6,0.0,0.0,2.6,2,FALSE,Tim,Krul,Krul,14
281,0,0,0,0,0,0,0,0,0,0,0,0,0,0.0,0.0,0.0,0.0,0,FALSE,Michael,McGovern,McGovern,14
299,0,0,0,0,0,0,0,0,0,0,0,0,0,0.0,0.0,0.0,0.0,0,FALSE,Jake,Eastwood,Eastwood,15
317,0,0,0,0,0,0,0,0,0,0,0,0,0,0.0,0.0,0.0,0.0,0,FALSE,Fraser,Forster,Forster,16
318,0,0,0,0,0,0,0,0,0,0,0,0,0,0.0,0.0,0.0,0.0,0,FALSE,Alex,McCarthy,McCarthy,16
319,90,0,0,0,2,0,0,0,0,0,4,0,16,30.2,0.0,0.0,3.0,2,FALSE,Angus,Gunn,Gunn,16
340,90,0,0,0,2,0,0,0,0,0,8,0,28,56.6,0.0,0.0,5.7,3,FALSE,Hugo,Lloris,Lloris,17
341,0,0,0,0,0,0,0,0,0,0,0,0,0,0.0,0.0,0.0,0.0,0,FALSE,Paulo,Gazzaniga,Gazzaniga,17
366,90,0,0,0,1,0,0,0,0,0,1,0,9,10.6,0.0,0.0,1.1,2,FALSE,Ben,Foster,Foster,18
367,0,0,0,0,0,0,0,0,0,0,0,0,0,0.0,0.0,0.0,0.0,0,FALSE,Pontus,Dahlberg,Dahlberg,18
388,90,0,0,0,1,0,0,0,0,0,3,0,17,23.2,0.0,0.0,2.3,3,FALSE,Lukasz,Fabianski,Fabianski,19
411,90,0,0,0,1,0,1,0,0,0,1,2,25,29.8,0.0,0.0,3.0,9,FALSE,Rui Pedro,dos Santos Patrício,Patrício,20
412,0,0,0,0,0,0,0,0,0,0,0,0,0,0.0,0.0,0.0,0.0,0,FALSE,John,Ruddy,Ruddy,20
413,0,0,0,0,0,0,0,0,0,0,0,0,0,0.0,0.0,0.0,0.0,0,FALSE,Will,Norris,Norris,20
427,0,0,0,0,0,0,0,0,0,0,0,0,0,0.0,0.0,0.0,0.0,0,FALSE,Emiliano,Martínez,Martínez,1
429,0,0,0,0,0,0,0,0,0,0,0,0,0,0.0,0.0,0.0,0.0,0,FALSE,Jed,Steer,Steer,2
436,0,0,0,0,0,0,0,0,0,0,0,0,0,0.0,0.0,0.0,0.0,0,FALSE,Simon,Moore,Moore,15
449,0,0,0,0,0,0,0,0,0,0,0,0,0,0.0,0.0,0.0,0.0,0,FALSE,Ralf,Fahrmann,Fahrmann,14
450,0,0,0,0,0,0,0,0,0,0,0,0,0,0.0,0.0,0.0,0.0,0,FALSE,Roberto,Jimenez Gago,Roberto,19
471,90,0,0,1,0,0,0,0,0,0,4,2,29,22.2,0.0,0.0,2.2,9,TRUE,Dean,Henderson,Henderson,15
474,0,0,0,0,0,0,0,0,0,0,0,0,0,0.0,0.0,0.0,0.0,0,FALSE,Lovre,Kalinic,Kalinic,2
479,0,0,0,0,0,0,0,0,0,0,0,0,0,0.0,0.0,0.0,0.0,0,FALSE,Jonas,Lössl,Lössl,8
494,90,0,0,0,1,0,0,0,0,0,6,0,24,39.8,0.0,0.0,4.0,4,FALSE,Aaron,Ramsdale,Ramsdale,3
495,0,0,0,0,0,0,0,0,0,0,0,0,0,0.0,0.0,0.0,0.0,0,FALSE,Bailey,Peacock-Farrell,Peacock-Farrell,5
513,0,0,0,0,0,0,0,0,0,0,0,0,0,0.0,0.0,0.0,0.0,0,FALSE,Heurelho da Silva,Gomes,Gomes,18
521,0,0,0,0,0,0,0,0,0,0,0,0,0,0.0,0.0,0.0,0.0,0,FALSE,Michael,Verrips,Verrips,15
526,90,0,0,0,1,0,0,0,0,0,3,0,12,12.2,0.0,0.0,1.2,3,FALSE,Adrián,San Miguel del Castillo,Adrián,10
530,0,0,0,0,0,0,0,0,0,0,0,0,0,0.0,0.0,0.0,0.0,0,FALSE,Andy,Lonergan,Lonergan,10
531,0,0,0,0,0,0,0,0,0,0,0,0,0,0.0,0.0,0.0,0.0,0,FALSE,Caoimhin,Kelleher,Kelleher,10
1,0,0,0,0,0,0,0,0,0,0,0,0,0,0.0,0.0,0.0,0.0,0,FALSE,Shkodran,Mustafi,Mustafi,1
2,0,0,0,0,0,0,0,0,0,0,0,0,0,0.0,0.0,0.0,0.0,0,FALSE,Héctor,Bellerín,Bellerín,1
3,19,0,0,0,0,0,0,0,0,0,0,0,2,2.2,0.3,0.0,0.3,1,FALSE,Sead,Kolasinac,Kolasinac,1
4,90,0,0,0,1,0,0,0,0,0,0,0,13,15.4,19.8,7.0,4.2,2,FALSE,Ainsley,Maitland-Niles,Maitland-Niles,1
5,90,0,0,0,1,0,0,0,0,0,0,0,20,24.0,11.4,2.0,3.7,2,FALSE,Sokratis,Papastathopoulos,Sokratis,1
6,90,0,0,0,1,0,0,0,0,0,0,0,18,23.2,24.0,4.0,5.1,2,FALSE,Nacho,Monreal,Monreal,1
7,0,0,0,0,0,0,0,0,0,0,0,0,0,0.0,0.0,0.0,0.0,0,FALSE,Laurent,Koscielny,Koscielny,1
8,0,0,0,0,0,0,0,0,0,0,0,0,0,0.0,0.0,0.0,0.0,0,FALSE,Konstantinos,Mavropanos,Mavropanos,1
9,0,0,0,0,0,0,0,0,0,0,0,0,0,0.0,0.0,0.0,0.0,0,FALSE,Carl,Jenkinson,Jenkinson,1
10,0,0,0,0,0,0,0,0,0,0,0,0,0,0.0,0.0,0.0,0.0,0,FALSE,Rob,Holding,Holding,1
22,90,0,0,0,2,0,0,0,0,0,0,3,34,36.8,70.6,2.0,10.9,4,FALSE,Ahmed,El Mohamady,El Mohamady,2
23,0,0,0,0,0,0,0,0,0,0,0,0,0,0.0,0.0,0.0,0.0,0,FALSE,James,Chester,Chester,2
24,90,0,0,0,2,0,0,0,0,0,0,0,14,13.0,16.9,24.0,5.4,1,FALSE,Neil,Taylor,Taylor,2
25,0,0,0,0,0,0,0,0,0,0,0,0,0,0.0,0.0,0.0,0.0,0,FALSE,Kortney,Hause,Hause,2
37,90,0,0,0,1,0,0,0,0,0,0,0,13,9.4,0.8,3.0,1.3,2,FALSE,Shane,Duffy,Duffy,4
38,90,0,0,0,1,0,0,0,0,0,0,0,11,19.4,26.0,2.0,4.7,2,FALSE,Martín,Montoya,Montoya,4
39,0,0,0,0,0,0,0,0,0,0,0,0,0,0.0,0.0,0.0,0.0,0,FALSE,Bernardo,Fernandes da Silva Junior,Bernardo,4
40,0,0,0,0,0,0,0,0,0,0,0,0,0,0.0,0.0,0.0,0.0,0,FALSE,Leon,Balogun,Balogun,4
41,0,0,0,0,0,0,0,0,0,0,0,0,0,0.0,0.0,0.0,0.0,0,FALSE,Gaëtan,Bong,Bong,4
42,90,0,0,0,1,0,0,0,0,0,0,1,21,17.8,0.5,4.0,2.2,3,FALSE,Lewis,Dunk,Dunk,4
43,0,0,0,0,0,0,0,0,0,0,0,0,0,0.0,0.0,0.0,0.0,0,FALSE,Matthew,Clarke,Clarke,4
58,90,0,0,0,1,0,0,0,0,0,0,0,11,28.8,0.1,0.0,2.9,2,FALSE,Steve,Cook,Steve Cook,3
59,90,0,0,0,1,0,0,0,1,0,0,0,8,20.6,0.0,18.0,3.9,1,FALSE,Nathan,Aké,Aké,3
60,90,0,0,0,1,0,0,0,0,0,0,0,15,22.4,29.6,0.0,5.2,2,FALSE,Charlie,Daniels,Daniels,3
61,0,0,0,0,0,0,0,0,0,0,0,0,0,0.0,0.0,0.0,0.0,0,FALSE,Chris,Mepham,Mepham,3
62,0,0,0,0,0,0,0,0,0,0,0,0,0,0.0,0.0,0.0,0.0,0,FALSE,Simon,Francis,Francis,3
63,90,0,0,0,1,0,0,0,0,0,0,0,14,12.2,1.2,4.0,1.7,2,FALSE,Adam,Smith,Adam Smith,3
64,0,0,0,0,0,0,0,0,0,0,0,0,0,0.0,0.0,0.0,0.0,0,FALSE,Lloyd,Kelly,Kelly,3
65,0,0,0,0,0,0,0,0,0,0,0,0,0,0.0,0.0,0.0,0.0,0,FALSE,Diego,Rico,Rico,3
66,0,0,0,0,0,0,0,0,0,0,0,0,0,0.0,0.0,0.0,0.0,0,FALSE,Jack,Simpson,Simpson,3
83,90,0,0,0,2,0,0,0,0,0,0,0,10,21.6,20.6,31.0,7.3,1,FALSE,Ben,Mee,Mee,5
84,90,0,0,0,2,0,0,0,0,0,0,0,7,11.6,0.1,26.0,3.8,1,FALSE,James,Tarkowski,Tarkowski,5
85,90,0,0,0,2,0,0,0,0,0,0,0,12,10.2,15.4,1.0,2.7,1,FALSE,Matthew,Lowton,Lowton,5
86,0,0,0,0,0,0,0,0,0,0,0,0,0,0.0,0.0,0.0,0.0,0,FALSE,Phil,Bardsley,Bardsley,5
87,0,0,0,0,0,0,0,0,0,0,0,0,0,0.0,0.0,0.0,0.0,0,FALSE,Charlie,Taylor,Taylor,5
88,0,0,0,0,0,0,0,0,0,0,0,0,0,0.0,0.0,0.0,0.0,0,FALSE,Kevin,Long,Long,5
89,0,0,0,0,0,0,0,0,0,0,0,0,0,0.0,0.0,0.0,0.0,0,FALSE,Ben,Gibson,Gibson,5
103,0,0,0,0,0,0,0,0,0,0,0,0,0,0.0,0.0,0.0,0.0,0,FALSE,Marcos,Alonso,Alonso,6
104,0,0,0,0,0,0,0,0,0,0,0,0,0,0.0,0.0,0.0,0.0,0,FALSE,Antonio,Rüdiger,Rüdiger,6
105,90,0,0,0,1,0,0,0,0,0,0,0,13,19.8,30.5,6.0,5.6,2,FALSE,César,Azpilicueta,Azpilicueta,6
106,90,0,0,0,1,0,0,0,1,0,0,0,13,31.8,4.1,0.0,3.6,1,FALSE,David,Luiz Moreira Marinho,David Luiz,1
107,90,0,0,0,1,0,0,0,0,0,0,0,17,27.8,22.0,2.0,5.2,2,FALSE,Emerson,Palmieri dos Santos,Emerson,6
108,90,0,0,0,1,0,0,0,0,0,0,0,17,19.6,0.2,0.0,2.0,2,FALSE,Andreas,Christensen,Christensen,6
109,0,0,0,0,0,0,0,0,0,0,0,0,0,0.0,0.0,0.0,0.0,0,FALSE,Davide,Zappacosta,Zappacosta,6
122,90,0,0,0,1,0,0,0,1,0,0,0,19,28.0,11.0,5.0,4.4,1,FALSE,Aaron,Wan-Bissaka,Wan-Bissaka,12
123,90,0,0,0,1,0,0,0,0,0,0,0,8,11.8,14.4,0.0,2.6,2,FALSE,Patrick,van Aanholt,van Aanholt,7
124,0,0,0,0,0,0,0,0,0,0,0,0,0,0.0,0.0,0.0,0.0,0,FALSE,James,Tomkins,Tomkins,7
125,0,0,0,0,0,0,0,0,0,0,0,0,0,0.0,0.0,0.0,0.0,0,FALSE,Mamadou,Sakho,Sakho,7
126,90,0,0,0,1,0,0,0,0,0,0,0,15,43.6,3.9,0.0,4.8,2,FALSE,Joel,Ward,Ward,7
127,90,0,0,0,1,0,0,0,0,0,0,0,17,28.6,0.3,2.0,3.1,2,FALSE,Scott,Dann,Dann,7
128,90,0,0,0,1,0,0,0,0,0,0,0,15,16.8,0.8,2.0,2.0,2,FALSE,Martin,Kelly,Kelly,7
141,72,0,1,1,0,0,0,0,0,0,0,2,36,35.4,29.8,28.0,9.3,11,TRUE,Lucas,Digne,Digne,8
142,90,0,0,1,0,0,0,0,0,0,0,1,29,20.4,0.1,0.0,2.1,7,FALSE,Yerry,Mina,Mina,8
143,90,0,0,1,0,0,0,0,0,0,0,0,27,31.0,0.2,0.0,3.1,6,FALSE,Michael,Keane,Keane,8
144,90,0,0,1,0,0,0,0,1,0,0,0,16,7.2,1.2,3.0,1.1,5,FALSE,Seamus,Coleman,Coleman,8
145,0,0,0,0,0,0,0,0,0,0,0,0,0,0.0,0.0,0.0,0.0,0,FALSE,Leighton,Baines,Baines,8
159,90,0,0,0,1,0,0,0,0,0,0,0,11,32.2,7.2,3.0,4.2,2,FALSE,Ricardo Domingos,Barbosa Pereira,Pereira,9
160,90,0,0,0,1,0,0,0,0,0,0,0,20,22.8,11.5,4.0,3.8,2,FALSE,Harry,Maguire,Maguire,12
161,0,0,0,0,0,0,0,0,0,0,0,0,0,0.0,0.0,0.0,0.0,0,FALSE,Benjamin,Chilwell,Chilwell,9
162,90,0,0,0,1,0,0,0,0,0,0,1,19,16.4,0.3,0.0,1.7,3,FALSE,Jonny,Evans,Evans,9
163,90,0,0,0,1,0,0,0,0,0,0,0,10,20.2,22.1,1.0,4.3,2,FALSE,Christian,Fuchs,Fuchs,9
164,90,0,0,0,1,0,0,0,0,0,0,0,15,24.2,0.5,2.0,2.7,2,FALSE,Çaglar,Söyüncü,Söyüncü,9
165,0,0,0,0,0,0,0,0,0,0,0,0,0,0.0,0.0,0.0,0.0,0,FALSE,Wes,Morgan,Morgan,9
181,90,0,0,0,1,0,0,0,0,0,0,0,14,23.8,18.3,21.0,6.3,2,FALSE,Andrew,Robertson,Robertson,10
182,90,0,0,0,1,0,0,0,1,0,0,0,7,9.8,29.5,4.0,4.3,1,FALSE,Trent,Alexander-Arnold,Alexander-Arnold,10
183,90,0,0,0,1,0,0,0,0,0,0,0,16,30.8,1.1,2.0,3.4,2,FALSE,Virgil,van Dijk,van Dijk,10
184,0,0,0,0,0,0,0,0,0,0,0,0,0,0.0,0.0,0.0,0.0,0,FALSE,Joseph,Gomez,Gomez,10
185,90,0,0,0,1,0,0,0,0,0,0,0,14,29.2,1.3,4.0,3.5,2,FALSE,Joel,Matip,Matip,10
186,0,0,0,0,0,0,0,0,0,0,0,0,0,0.0,0.0,0.0,0.0,0,FALSE,Dejan,Lovren,Lovren,10
202,90,0,0,0,2,0,0,0,0,0,0,0,15,20.6,1.7,17.0,3.9,1,FALSE,Aymeric,Laporte,Laporte,11
203,90,0,0,0,2,0,0,0,0,0,0,0,20,19.4,30.5,4.0,5.4,1,FALSE,Kyle,Walker,Walker,11
204,0,0,0,0,0,0,0,0,0,0,0,0,0,0.0,0.0,0.0,0.0,0,FALSE,Benjamin,Mendy,Mendy,11
205,0,0,0,0,0,0,0,0,0,0,0,0,0,0.0,0.0,0.0,0.0,0,FALSE,Fabian,Delph,Delph,8
206,90,0,0,0,2,0,0,0,0,0,0,0,16,16.0,17.8,14.0,4.8,1,FALSE,Oleksandr,Zinchenko,Zinchenko,11
207,0,0,0,0,0,0,0,0,0,0,0,0,0,0.0,0.0,0.0,0.0,0,FALSE,John,Stones,Stones,11
208,90,0,0,0,2,0,0,0,0,0,0,0,13,17.0,11.1,55.0,8.3,1,FALSE,Nicolás,Otamendi,Otamendi,11
209,0,0,0,0,0,0,0,0,0,0,0,0,0,0.0,0.0,0.0,0.0,0,FALSE,Danilo Luiz,da Silva,Danilo,11
223,0,0,0,0,0,0,0,0,0,0,0,0,0,0.0,0.0,0.0,0.0,0,FALSE,Chris,Smalling,Smalling,12
224,0,0,0,0,0,0,0,0,0,0,0,0,0,0.0,0.0,0.0,0.0,0,FALSE,Ashley,Young,Young,12
225,90,0,0,0,1,0,0,0,0,0,0,0,14,17.0,0.9,0.0,1.8,2,FALSE,Victor,Lindelöf,Lindelöf,12
226,90,0,0,0,1,0,0,0,0,0,0,0,19,15.6,29.7,2.0,4.7,2,FALSE,Luke,Shaw,Shaw,12
227,0,0,0,0,0,0,0,0,0,0,0,0,0,0.0,0.0,0.0,0.0,0,FALSE,Marcos,Rojo,Rojo,12
228,0,0,0,0,0,0,0,0,0,0,0,0,0,0.0,0.0,0.0,0.0,0,FALSE,Eric,Bailly,Bailly,12
229,0,0,0,0,0,0,0,0,0,0,0,0,0,0.0,0.0,0.0,0.0,0,FALSE,José Diogo,Dalot Teixeira,Dalot,12
230,0,0,0,0,0,0,0,0,0,0,0,0,0,0.0,0.0,0.0,0.0,0,FALSE,Matteo,Darmian,Darmian,12
231,0,0,0,0,0,0,0,0,0,0,0,0,0,0.0,0.0,0.0,0.0,0,FALSE,Phil,Jones,Jones,12
251,90,0,0,0,3,0,0,0,0,0,0,0,12,17.2,35.2,12.0,6.4,1,FALSE,Matt,Ritchie,Ritchie,13
252,90,0,0,0,3,0,0,0,0,0,0,0,18,25.4,0.6,17.0,4.3,1,FALSE,Fabian,Schär,Schär,13
253,0,0,0,0,0,0,0,0,0,0,0,0,0,0.0,0.0,0.0,0.0,0,FALSE,DeAndre,Yedlin,Yedlin,13
254,0,0,0,0,0,0,0,0,0,0,0,0,0,0.0,0.0,0.0,0.0,0,FALSE,Federico,Fernández,Fernández,13
255,90,0,0,0,3,0,0,0,1,0,0,0,6,9.0,1.1,33.0,4.3,0,FALSE,Paul,Dummett,Dummett,13
256,0,0,0,0,0,0,0,0,0,0,0,0,0,0.0,0.0,0.0,0.0,0,FALSE,Javier,Manquillo,Manquillo,13
257,0,0,0,0,0,0,0,0,0,0,0,0,0,0.0,0.0,0.0,0.0,0,FALSE,Florian,Lejeune,Lejeune,13
258,90,0,0,0,3,0,0,0,0,0,0,0,9,14.4,0.1,18.0,3.3,1,FALSE,Jamaal,Lascelles,Lascelles,13
259,0,0,0,0,0,0,0,0,0,0,0,0,0,0.0,0.0,0.0,0.0,0,FALSE,Ciaran,Clark,Clark,13
272,0,0,0,0,0,0,0,0,0,0,0,0,0,0.0,0.0,0.0,0.0,0,FALSE,Timm,Klose,Klose,14
273,90,0,0,0,1,0,0,0,0,0,0,0,18,17.8,0.3,0.0,1.8,2,FALSE,Ben,Godfrey,Godfrey,14
274,90,0,0,0,1,0,0,0,1,0,0,0,7,4.2,14.2,18.0,3.6,1,FALSE,Maximillian,Aarons,Aarons,14
275,0,0,0,0,0,0,0,0,0,0,0,0,0,0.0,0.0,0.0,0.0,0,FALSE,Christoph,Zimmermann,Zimmermann,14
276,89,0,0,1,0,0,0,0,0,0,0,0,29,17.6,7.2,4.0,2.9,6,FALSE,Jamal,Lewis,Lewis,14
277,90,0,0,0,1,0,0,0,0,0,0,0,15,16.0,0.1,4.0,2.0,2,FALSE,Grant,Hanley,Hanley,14
291,90,0,0,1,0,0,0,0,0,0,0,1,27,16.4,13.2,20.0,5.0,7,TRUE,Enda,Stevens,Stevens,15
292,0,0,0,0,0,0,0,0,0,0,0,0,0,0.0,0.0,0.0,0.0,0,FALSE,Kieron,Freeman,Freeman,15
293,90,0,0,1,0,0,0,0,0,0,0,0,23,22.6,1.2,55.0,7.9,6,FALSE,Jack,O'Connell,O'Connell,15
294,90,0,0,1,0,0,0,0,1,0,0,0,17,14.4,8.3,4.0,2.7,5,FALSE,George,Baldock,Baldock,15
295,90,0,0,1,0,0,0,0,0,0,0,0,18,11.8,0.0,0.0,1.2,6,FALSE,John,Egan,Egan,15
296,0,0,0,0,0,0,0,0,0,0,0,0,0,0.0,0.0,0.0,0.0,0,FALSE,Richard,Stearman,Stearman,15
297,90,1,0,1,0,0,0,0,1,0,0,3,41,53.4,18.5,22.0,9.4,14,TRUE,John,Lundstram,Lundstram,15
304,90,0,0,0,2,0,0,0,0,0,0,0,13,20.0,14.2,4.0,3.8,1,FALSE,Jannik,Vestergaard,Vestergaard,16
305,76,0,0,0,2,0,0,0,0,0,0,0,6,0.6,1.1,2.0,0.4,1,FALSE,Ryan,Bertrand,Bertrand,16
306,90,0,0,0,2,0,0,0,0,0,0,0,14,21.0,16.1,22.0,5.9,1,FALSE,Yan,Valery,Valery,16
307,90,0,0,0,2,0,0,0,0,0,0,0,10,16.8,0.7,0.0,1.8,1,FALSE,Jan,Bednarek,Bednarek,16
308,0,0,0,0,0,0,0,0,0,0,0,0,0,0.0,0.0,0.0,0.0,0,FALSE,Jack,Stephens,Stephens,16
309,0,0,0,0,0,0,0,0,0,0,0,0,0,0.0,0.0,0.0,0.0,0,FALSE,Matt,Targett,Targett,2
310,90,0,0,0,2,0,0,0,0,0,0,0,7,12.4,0.3,37.0,5.0,1,FALSE,Maya,Yoshida,Yoshida,16
311,0,0,0,0,0,0,0,0,0,0,0,0,0,0.0,0.0,0.0,0.0,0,FALSE,Kayne,Ramsay,Ramsay,16
329,0,0,0,0,0,0,0,0,0,0,0,0,0,0.0,0.0,0.0,0.0,0,FALSE,Ben,Davies,Davies,17
330,0,0,0,0,0,0,0,0,0,0,0,0,0,0.0,0.0,0.0,0.0,0,FALSE,Jan,Vertonghen,Vertonghen,17
331,90,0,0,0,2,0,0,0,0,0,0,0,16,31.0,0.1,0.0,3.1,1,FALSE,Toby,Alderweireld,Alderweireld,17
332,90,0,0,0,2,0,0,0,0,0,0,0,8,18.6,0.3,0.0,1.9,1,FALSE,Danny,Rose,Rose,17
333,90,0,0,0,2,0,0,0,0,0,0,0,19,33.4,0.0,0.0,3.3,1,FALSE,Davinson,Sánchez,Sánchez,17
334,0,0,0,0,0,0,0,0,0,0,0,0,0,0.0,0.0,0.0,0.0,0,FALSE,Kieran,Trippier,Trippier,17
335,0,0,0,0,0,0,0,0,0,0,0,0,0,0.0,0.0,0.0,0.0,0,FALSE,Juan,Foyth,Foyth,17
336,0,0,0,0,0,0,0,0,0,0,0,0,0,0.0,0.0,0.0,0.0,0,FALSE,Serge,Aurier,Aurier,17
337,90,0,0,0,2,0,0,0,0,0,0,0,12,24.0,0.9,0.0,2.5,1,FALSE,Kyle,Walker-Peters,Walker-Peters,17
353,90,0,0,0,1,0,0,0,1,0,0,0,14,26.4,27.9,0.0,5.4,1,FALSE,José,Holebas,Holebas,18
354,0,0,0,0,0,0,0,0,0,0,0,0,0,0.0,0.0,0.0,0.0,0,FALSE,Christian,Kabasele,Kabasele,18
355,0,0,0,0,0,0,0,0,0,0,0,0,0,0.0,0.0,0.0,0.0,0,FALSE,Adam,Masina,Masina,18
356,0,0,0,0,0,0,0,0,0,0,0,0,0,0.0,0.0,0.0,0.0,0,FALSE,Adrian,Mariappa,Mariappa,18
357,90,0,0,0,1,0,0,0,0,0,0,0,7,19.4,1.9,8.0,2.9,2,FALSE,Francisco,Femenía Far,Kiko Femenía,18
358,90,0,0,0,1,0,0,0,0,0,0,0,16,21.2,0.9,0.0,2.2,2,FALSE,Craig,Cathcart,Cathcart,18
359,0,0,0,0,0,0,0,0,0,0,0,0,0,0.0,0.0,0.0,0.0,0,FALSE,Daryl,Janmaat,Janmaat,18
360,0,0,0,0,0,0,0,0,0,0,0,0,0,0.0,0.0,0.0,0.0,0,FALSE,Marc,Navarro,Navarro,18
361,0,0,0,0,0,0,0,0,0,0,0,0,0,0.0,0.0,0.0,0.0,0,FALSE,Sebastian,Prödl,Prödl,18
376,0,0,0,0,0,0,0,0,0,0,0,0,0,0.0,0.0,0.0,0.0,0,FALSE,Aaron,Cresswell,Cresswell,19
377,90,0,0,0,1,0,0,0,0,0,0,0,17,31.2,0.5,0.0,3.2,2,FALSE,Angelo,Ogbonna,Ogbonna,19
378,90,0,0,0,1,0,0,0,1,0,0,0,15,16.8,2.8,0.0,2.0,1,FALSE,Arthur,Masuaku,Masuaku,19
379,0,0,0,0,0,0,0,0,0,0,0,0,0,0.0,0.0,0.0,0.0,0,FALSE,Pablo,Zabaleta,Zabaleta,19
380,90,0,0,0,1,0,0,0,0,0,0,0,9,11.8,11.6,2.0,2.5,2,FALSE,Ryan,Fredericks,Fredericks,19
381,90,0,0,0,1,0,0,0,0,0,0,0,14,20.8,11.2,4.0,3.6,2,FALSE,Issa,Diop,Diop,19
382,0,0,0,0,0,0,0,0,0,0,0,0,0,0.0,0.0,0.0,0.0,0,FALSE,Fabián,Balbuena,Balbuena,19
383,0,0,0,0,0,0,0,0,0,0,0,0,0,0.0,0.0,0.0,0.0,0,FALSE,Winston,Reid,Reid,19
384,0,0,0,0,0,0,0,0,0,0,0,0,0,0.0,0.0,0.0,0.0,0,FALSE,Ben,Johnson,Johnson,19
401,45,0,0,0,1,0,0,0,0,0,0,0,3,0.0,0.8,0.0,0.1,1,FALSE,Matt,Doherty,Doherty,20
402,90,0,0,0,1,0,0,0,0,0,0,0,11,13.6,2.8,23.0,3.9,2,FALSE,Jonathan,Castro Otto,Jonny,20
403,90,0,0,0,1,0,0,0,0,0,0,0,6,13.8,0.1,0.0,1.4,2,FALSE,Conor,Coady,Coady,20
404,90,0,0,0,1,0,0,0,1,0,0,0,11,14.6,0.9,2.0,1.8,1,FALSE,Ryan,Bennett,Bennett,20
405,90,0,0,0,1,0,0,0,0,0,0,0,10,12.8,0.3,2.0,1.5,2,FALSE,Willy,Boly,Boly,20
406,0,0,0,0,0,0,0,0,0,0,0,0,0,0.0,0.0,0.0,0.0,0,FALSE,Rúben Gonçalo,Silva Nascimento Vinagre,Vinagre,20
407,0,0,0,0,0,0,0,0,0,0,0,0,0,0.0,0.0,0.0,0.0,0,FALSE,Romain,Saïss,Saïss,20
408,0,0,0,0,0,0,0,0,0,0,0,0,0,0.0,0.0,0.0,0.0,0,FALSE,Max,Kilman,Kilman,20
423,90,0,0,1,0,0,0,0,0,0,0,0,25,27.6,10.8,6.0,4.4,6,FALSE,Chris,Basham,Basham,15
433,0,0,0,0,0,0,0,0,0,0,0,0,0,0.0,0.0,0.0,0.0,0,FALSE,James,Justin,Justin,9
439,90,0,0,0,1,0,0,0,0,0,0,0,10,22.6,0.2,7.0,3.0,2,FALSE,Craig,Dawson,Dawson,18
440,0,0,0,0,0,0,0,0,0,0,0,0,0,0.0,0.0,0.0,0.0,0,FALSE,José Ángel,Esmorís Tasende,Angeliño,11
444,1,0,0,0,0,0,0,0,0,0,0,0,4,5.2,0.0,0.0,0.5,1,FALSE,Phil,Jagielka,Jagielka,15
445,90,0,0,0,2,0,0,0,0,0,0,0,15,25.6,14.4,2.0,4.2,1,FALSE,Tyrone,Mings,Mings,2
446,0,0,0,0,0,0,0,0,0,0,0,0,0,0.0,0.0,0.0,0.0,0,FALSE,Jack,Stacey,Stacey,3
447,90,0,0,0,2,0,0,0,0,0,0,0,18,16.8,5.3,1.0,2.3,1,FALSE,Erik,Pieters,Pieters,5
452,0,0,0,0,0,0,0,0,0,0,0,0,0,0.0,0.0,0.0,0.0,0,FALSE,Ezri,Konsa Ngoyo,Konsa,2
454,1,0,0,0,1,0,0,0,0,0,0,0,3,1.0,0.1,0.0,0.1,1,FALSE,Sam,Byram,Byram,14
455,90,0,0,0,2,0,0,0,0,0,0,0,12,14.2,0.6,9.0,2.4,1,FALSE,Bjorn,Engels,Engels,2
458,0,0,0,0,0,0,0,0,0,0,0,0,0,0.0,0.0,0.0,0.0,0,FALSE,Frédéric,Guilbert,Guilbert,2
459,90,0,0,0,1,0,0,0,0,0,0,0,12,12.8,0.3,19.0,3.2,2,FALSE,Kurt,Zouma,Zouma,6
467,0,0,0,0,0,0,0,0,0,0,0,0,0,0.0,0.0,0.0,0.0,0,FALSE,Calum,Chambers,Chambers,1
473,0,0,0,0,0,0,0,0,0,0,0,0,0,0.0,0.0,0.0,0.0,0,FALSE,Jesús,Vallejo Lázaro,Vallejo,20
475,90,0,0,0,1,0,0,0,0,0,0,0,9,18.0,25.3,17.0,6.0,2,FALSE,Dan,Burn,Burn,4
477,0,0,0,0,0,0,0,0,0,0,0,0,0,0.0,0.0,0.0,0.0,0,FALSE,Lewis,Gibson,Gibson,8
478,17,0,0,0,0,0,0,0,0,0,0,0,6,7.4,0.1,0.0,0.8,1,FALSE,Mason,Holgate,Holgate,8
481,0,0,0,0,0,0,0,0,0,0,0,0,0,0.0,0.0,0.0,0.0,0,FALSE,Axel,Tuanzebe,Tuanzebe,12
484,0,0,0,0,0,0,0,0,0,0,0,0,0,0.0,0.0,0.0,0.0,0,FALSE,Philip,Heise,Heise,14
485,0,0,0,0,0,0,0,0,0,0,0,0,0,0.0,0.0,0.0,0.0,0,FALSE,Wesley,Hoedt,Hoedt,16
486,0,0,0,0,0,0,0,0,0,0,0,0,0,0.0,0.0,0.0,0.0,0,FALSE,Cédric,Soares,Cédric,16
493,0,0,0,0,0,0,0,0,0,0,0,0,0,0.0,0.0,0.0,0.0,0,FALSE,Adam,Webster,Webster,4
498,0,0,0,0,0,0,0,0,0,0,0,0,0,0.0,0.0,0.0,0.0,0,FALSE,Jetro,Willems,Willems,13
503,0,0,0,0,0,0,0,0,0,0,0,0,0,0.0,0.0,0.0,0.0,0,FALSE,Gary,Cahill,Cahill,7
506,0,0,0,0,0,0,0,0,0,0,0,0,0,0.0,0.0,0.0,0.0,0,FALSE,Reece,James,James,6
511,0,0,0,0,0,0,0,0,0,0,0,0,0,0.0,0.0,0.0,0.0,0,FALSE,Djibril,Sidibé,Sidibé,8
515,0,0,0,0,0,0,0,0,0,0,0,0,0,0.0,0.0,0.0,0.0,0,FALSE,Kieran,Tierney,Tierney,1
518,0,0,0,0,0,0,0,0,0,0,0,0,0,0.0,0.0,0.0,0.0,0,FALSE,João Pedro Cavaco,Cancelo,Cancelo,11
519,90,0,0,0,3,0,0,0,0,0,0,0,10,10.6,1.4,4.0,1.6,1,FALSE,Emil,Krafth,Krafth,13
529,0,0,0,0,0,0,0,0,0,0,0,0,0,0.0,0.0,0.0,0.0,0,FALSE,Fikayo,Tomori,Tomori,6
532,0,0,0,0,0,0,0,0,0,0,0,0,0,0.0,0.0,0.0,0.0,0,FALSE,Kevin,Danso,Danso,16
15,0,0,0,0,0,0,0,0,0,0,0,0,0,0.0,0.0,0.0,0.0,0,FALSE,Mesut,Özil,Özil,1
16,0,0,0,0,0,0,0,0,0,0,0,0,0,0.0,0.0,0.0,0.0,0,FALSE,Henrikh,Mkhitaryan,Mkhitaryan,1
17,0,0,0,0,0,0,0,0,0,0,0,0,0,0.0,0.0,0.0,0.0,0,FALSE,Alex,Iwobi,Iwobi,8
18,0,0,0,0,0,0,0,0,0,0,0,0,0,0.0,0.0,0.0,0.0,0,FALSE,Granit,Xhaka,Xhaka,1
19,7,0,0,0,0,0,0,0,0,0,0,0,2,2.6,0.3,17.0,2.0,1,FALSE,Lucas,Torreira,Torreira,1
20,0,0,0,0,0,0,0,0,0,0,0,0,0,0.0,0.0,0.0,0.0,0,FALSE,Mohamed,Elneny,Elneny,1
21,90,0,0,0,1,0,0,0,0,0,0,0,15,20.8,3.9,17.0,4.2,2,FALSE,Matteo,Guendouzi,Guendouzi,1
28,0,0,0,0,0,0,0,0,0,0,0,0,0,0.0,0.0,0.0,0.0,0,FALSE,Conor,Hourihane,Hourihane,2
29,90,0,1,0,2,0,0,0,0,0,0,1,26,34.0,70.0,11.0,11.5,6,FALSE,Jack,Grealish,Grealish,2
30,74,0,0,0,2,0,0,0,0,0,0,0,3,0.4,11.1,43.0,5.5,2,FALSE,Anwar,El Ghazi,El Ghazi,2
31,90,0,0,0,2,0,0,0,0,0,0,0,7,13.6,30.4,43.0,8.7,2,FALSE,John,McGinn,McGinn,2
32,0,0,0,0,0,0,0,0,0,0,0,0,0,0.0,0.0,0.0,0.0,0,FALSE,Andre,Green,Green,2
33,0,0,0,0,0,0,0,0,0,0,0,0,0,0.0,0.0,0.0,0.0,0,FALSE,Birkir,Bjarnason,Bjarnason,2
34,3,0,0,0,0,0,0,0,0,0,0,0,2,0.0,0.3,0.0,0.0,1,FALSE,Keinan,Davis,Davis,2
35,0,0,0,0,0,0,0,0,0,0,0,0,0,0.0,0.0,0.0,0.0,0,FALSE,Henri,Lansbury,Lansbury,2
36,15,0,0,0,0,0,0,0,0,0,0,0,4,6.0,11.8,7.0,2.5,1,FALSE,José Ignacio,Peleteiro Romallo,Jota,2
49,66,0,0,0,1,0,0,0,0,0,0,1,21,17.8,72.7,27.0,11.8,3,FALSE,Pascal,Groß,Groß,4
50,0,0,0,0,0,0,0,0,0,0,0,0,0,0.0,0.0,0.0,0.0,0,FALSE,Alireza,Jahanbakhsh,Jahanbakhsh,4
51,0,0,0,0,0,0,0,0,0,0,0,0,0,0.0,0.0,0.0,0.0,0,FALSE,José Heriberto,Izquierdo Mena,Izquierdo,4
52,0,0,0,0,0,0,0,0,0,0,0,0,0,0.0,0.0,0.0,0.0,0,FALSE,Anthony,Knockaert,Knockaert,4
53,0,0,0,0,0,0,0,0,0,0,0,0,0,0.0,0.0,0.0,0.0,0,FALSE,Yves,Bissouma,Bissouma,4
54,90,0,0,0,1,0,0,0,0,0,0,0,5,17.4,13.1,19.0,5.0,2,FALSE,Davy,Pröpper,Pröpper,4
55,90,0,0,0,1,0,0,0,0,0,0,0,13,21.8,31.4,21.0,7.4,2,FALSE,Solomon,March,March,4
56,0,0,0,0,0,0,0,0,0,0,0,0,0,0.0,0.0,0.0,0.0,0,FALSE,Beram,Kayal,Kayal,4
57,90,0,0,0,1,0,0,0,0,0,0,0,16,22.6,2.6,15.0,4.0,2,FALSE,Dale,Stephens,Stephens,4
75,90,0,0,0,1,0,0,0,0,0,0,0,6,10.8,31.4,35.0,7.7,2,FALSE,Ryan,Fraser,Fraser,3
76,0,0,0,0,0,0,0,0,0,0,0,0,0,0.0,0.0,0.0,0.0,0,FALSE,David,Brooks,Brooks,3
77,0,0,0,0,0,0,0,0,0,0,0,0,0,0.0,0.0,0.0,0.0,0,FALSE,Junior,Stanislas,Stanislas,3
78,0,0,0,0,0,0,0,0,0,0,0,0,0,0.0,0.0,0.0,0.0,0,FALSE,Jordon,Ibe,Ibe,3
79,0,0,0,0,0,0,0,0,0,0,0,0,0,0.0,0.0,0.0,0.0,0,FALSE,Lewis,Cook,Lewis Cook,3
80,45,0,0,0,1,0,0,0,0,0,0,0,3,4.4,1.4,0.0,0.6,1,FALSE,Andrew,Surman,Surman,3
81,0,0,0,0,0,0,0,0,0,0,0,0,0,0.0,0.0,0.0,0.0,0,FALSE,Dan,Gosling,Gosling,3
82,90,0,0,0,1,0,0,0,0,0,0,0,11,10.0,2.3,0.0,1.2,2,FALSE,Jefferson,Lerma,Lerma,3
96,71,0,0,0,2,0,0,0,0,0,0,0,15,20.4,63.1,4.0,8.8,2,FALSE,Johann Berg,Gudmundsson,Gudmundsson,5
97,90,0,1,0,2,0,0,0,0,0,0,0,18,7.6,26.8,29.0,6.3,5,FALSE,Dwight,McNeil,McNeil,5
98,0,0,0,0,0,0,0,0,0,0,0,0,0,0.0,0.0,0.0,0.0,0,FALSE,Robbie,Brady,Brady,5
99,0,0,0,0,0,0,0,0,0,0,0,0,0,0.0,0.0,0.0,0.0,0,FALSE,Steven,Defour,Defour,5
100,0,0,0,0,0,0,0,0,0,0,0,0,0,0.0,0.0,0.0,0.0,0,FALSE,Jeff,Hendrick,Hendrick,5
101,90,0,0,0,2,0,0,0,0,0,0,0,9,12.8,22.6,4.0,3.9,2,FALSE,Ashley,Westwood,Westwood,5
102,90,0,0,0,2,0,0,0,0,0,0,0,9,10.4,1.8,28.0,4.0,2,FALSE,Jack,Cork,Cork,5
113,19,0,0,0,0,0,0,0,0,0,0,0,3,0.2,1.0,4.0,0.5,1,FALSE,Willian,Borges Da Silva,Willian,6
114,90,0,0,0,1,0,0,0,0,0,0,0,8,11.6,26.8,6.0,4.4,2,FALSE,Pedro,Rodríguez Ledesma,Pedro,6
115,0,0,0,0,0,0,0,0,0,0,0,0,0,0.0,0.0,0.0,0.0,0,FALSE,Ruben,Loftus-Cheek,Loftus-Cheek,6
116,0,0,0,0,0,0,0,0,0,0,0,0,0,0.0,0.0,0.0,0.0,0,FALSE,Callum,Hudson-Odoi,Hudson-Odoi,6
117,0,0,0,0,0,0,0,0,0,0,0,0,0,0.0,0.0,0.0,0.0,0,FALSE,Ross,Barkley,Barkley,6
118,70,0,0,0,1,0,0,0,1,0,0,0,3,8.2,5.0,1.0,1.4,1,FALSE,Jorge Luiz,Frello Filho,Jorginho,6
119,90,0,0,0,1,0,0,0,0,0,0,0,8,15.8,18.4,18.0,5.2,2,FALSE,N'Golo,Kanté,Kanté,6
120,0,0,0,0,0,0,0,0,0,0,0,0,0,0.0,0.0,0.0,0.0,0,FALSE,Daniel,Drinkwater,Drinkwater,5
121,0,0,0,0,0,0,0,0,0,0,0,0,0,0.0,0.0,0.0,0.0,0,FALSE,Ethan,Ampadu,Ampadu,6
133,90,0,0,0,1,0,0,0,0,0,0,0,0,4.6,14.8,28.0,4.7,2,FALSE,Wilfried,Zaha,Zaha,7
134,90,0,0,0,1,0,0,0,0,0,0,0,7,9.6,21.8,8.0,3.9,2,FALSE,Luka,Milivojevic,Milivojevic,7
135,69,0,0,0,1,0,0,0,0,0,0,0,13,16.4,3.6,14.0,3.4,2,FALSE,Andros,Townsend,Townsend,7
136,64,0,0,0,1,0,0,0,0,0,0,0,8,5.4,2.6,2.0,1.0,2,FALSE,Max,Meyer,Meyer,7
137,25,0,0,0,0,0,0,0,0,0,0,0,0,2.2,0.4,11.0,1.4,1,FALSE,Jeffrey,Schlupp,Schlupp,7
138,81,0,0,0,1,0,0,0,0,0,0,0,11,9.6,3.1,0.0,1.3,2,FALSE,James,McArthur,McArthur,7
139,0,0,0,0,0,0,0,0,0,0,0,0,0,0.0,0.0,0.0,0.0,0,FALSE,Cheikhou,Kouyaté,Kouyaté,7
140,0,0,0,0,0,0,0,0,0,0,0,0,0,0.0,0.0,0.0,0.0,0,FALSE,Luke,Dreher,Dreher,7
150,62,0,0,1,0,0,0,0,0,0,0,0,0,0.0,0.4,30.0,3.0,3,FALSE,Richarlison,de Andrade,Richarlison,8
151,90,0,0,1,0,0,0,0,0,0,0,0,7,8.4,25.8,10.0,4.4,3,FALSE,Gylfi,Sigurdsson,Sigurdsson,8
152,90,1,0,1,0,0,0,0,0,0,0,3,38,53.2,34.9,41.0,12.9,11,TRUE,Bernard,Anício Caldeira Duarte,Bernard,8
153,27,0,0,0,0,0,0,0,0,0,0,0,1,1.0,1.5,0.0,0.3,1,FALSE,Theo,Walcott,Walcott,8
154,0,0,0,0,0,0,0,0,0,0,0,0,0,0.0,0.0,0.0,0.0,0,FALSE,Tom,Davies,Davies,8
155,0,0,0,0,0,0,0,0,0,0,0,0,0,0.0,0.0,0.0,0.0,0,FALSE,Ademola,Lookman,Lookman,8
156,0,0,0,0,0,0,0,0,0,0,0,0,0,0.0,0.0,0.0,0.0,0,FALSE,Idrissa,Gueye,Gueye,8
157,20,0,0,0,0,0,0,0,1,0,0,0,2,6.8,0.8,0.0,0.8,0,FALSE,James,McCarthy,McCarthy,7
158,0,0,0,0,0,0,0,0,0,0,0,0,0,0.0,0.0,0.0,0.0,0,FALSE,Morgan,Schneiderlin,Schneiderlin,8
171,90,0,1,0,1,0,0,0,0,0,0,0,11,20.8,52.5,16.0,8.9,5,FALSE,James,Maddison,Maddison,9
172,0,0,0,0,0,0,0,0,0,0,0,0,0,0.0,0.0,0.0,0.0,0,FALSE,Harvey,Barnes,Barnes,9
173,0,0,0,0,0,0,0,0,0,0,0,0,0,0.0,0.0,0.0,0.0,0,FALSE,Rachid,Ghezzal,Ghezzal,9
174,10,0,0,0,0,0,0,0,0,0,0,0,4,2.4,10.9,0.0,1.3,1,FALSE,Marc,Albrighton,Albrighton,9
175,0,0,0,0,0,0,0,0,0,0,0,0,0,0.0,0.0,0.0,0.0,0,FALSE,Demarai,Gray,Gray,9
176,90,1,0,0,1,0,0,0,0,0,0,3,27,51.8,1.8,17.0,7.1,10,FALSE,Wilfred,Ndidi,Ndidi,9
177,0,0,0,0,0,0,0,0,0,0,0,0,0,0.0,0.0,0.0,0.0,0,FALSE,Matty,James,James,9
178,0,0,0,0,0,0,0,0,0,0,0,0,0,0.0,0.0,0.0,0.0,0,FALSE,Daniel,Amartey,Amartey,9
179,0,0,0,0,0,0,0,0,0,0,0,0,0,0.0,0.0,0.0,0.0,0,FALSE,Nampalys,Mendy,Mendy,9
180,72,0,0,0,1,0,0,0,0,0,0,0,8,5.4,11.7,10.0,2.7,2,FALSE,Hamza,Choudhury,Choudhury,9
191,78,0,0,1,0,0,0,0,0,0,0,0,0,2.4,11.8,29.0,4.3,3,FALSE,Mohamed,Salah,Salah,10
192,90,1,1,0,1,0,0,0,0,0,0,3,45,69.4,56.0,38.0,16.3,13,TRUE,Sadio,Mané,Mané,10
193,88,0,0,0,1,0,0,0,0,0,0,0,14,8.8,13.2,12.0,3.4,2,FALSE,Alex,Oxlade-Chamberlain,Chamberlain,10
194,0,0,0,0,0,0,0,0,0,0,0,0,0,0.0,0.0,0.0,0.0,0,FALSE,Xherdan,Shaqiri,Shaqiri,10
195,0,0,0,0,0,0,0,0,0,0,0,0,0,0.0,0.0,0.0,0.0,0,FALSE,Adam,Lallana,Lallana,10
196,0,0,0,0,0,0,0,0,0,0,0,0,0,0.0,0.0,0.0,0.0,0,FALSE,Naby,Keita,Keita,10
197,16,0,0,0,1,0,0,0,0,0,0,0,6,4.4,0.3,0.0,0.5,1,FALSE,Fabio Henrique,Tavares,Fabinho,10
198,1,0,0,0,0,0,0,0,0,0,0,0,3,0.0,3.3,0.0,0.3,1,FALSE,Jordan,Henderson,Henderson,10
199,90,0,0,0,1,0,0,0,0,0,0,0,12,11.0,2.4,4.0,1.7,2,FALSE,Georginio,Wijnaldum,Wijnaldum,10
200,73,0,1,1,0,0,0,0,0,0,0,0,18,20.4,24.1,17.0,6.2,6,FALSE,James,Milner,Milner,10
201,0,0,0,0,0,0,0,0,0,0,0,0,0,0.0,0.0,0.0,0.0,0,FALSE,Rafael,Camacho,Camacho,10
214,90,1,0,0,2,0,0,0,1,0,0,0,20,44.4,30.6,122.0,19.7,6,FALSE,Raheem,Sterling,Sterling,11
215,90,0,2,0,2,0,0,0,0,0,0,3,44,59.2,127.7,38.0,22.5,11,TRUE,Kevin,De Bruyne,De Bruyne,11
216,0,0,0,0,0,0,0,0,0,0,0,0,0,0.0,0.0,0.0,0.0,0,FALSE,Leroy,Sané,Sané,11
217,10,0,0,0,0,0,0,0,0,0,0,0,1,0.2,1.0,6.0,0.7,1,FALSE,Riyad,Mahrez,Mahrez,11
218,79,0,0,0,2,0,0,0,0,0,0,0,7,7.6,21.4,91.0,12.0,2,FALSE,Bernardo Mota,Veiga de Carvalho e Silva,Bernardo Silva,11
219,12,0,0,0,0,0,0,0,0,0,0,0,2,0.0,0.6,0.0,0.1,1,FALSE,David,Silva,David Silva,11
220,0,0,0,0,0,0,0,0,0,0,0,0,0,0.0,0.0,0.0,0.0,0,FALSE,Phil,Foden,Foden,11
221,0,0,0,0,0,0,0,0,0,0,0,0,0,0.0,0.0,0.0,0.0,0,FALSE,Fernando,Luiz Rosa,Fernandinho,11
222,90,0,0,0,2,0,0,0,0,0,0,0,16,9.8,40.3,16.0,6.6,2,FALSE,Ilkay,Gündogan,Gündogan,11
238,90,0,0,0,1,0,0,1,0,0,0,0,4,16.4,17.3,27.0,6.1,0,FALSE,Paul,Pogba,Pogba,12
239,90,1,0,0,1,0,0,0,0,0,0,0,20,39.0,3.3,29.0,7.1,7,FALSE,Anthony,Martial,Martial,12
240,0,0,0,0,0,0,0,0,0,0,0,0,0,0.0,0.0,0.0,0.0,0,FALSE,Alexis,Sánchez,Sánchez,12
241,80,0,0,0,1,0,0,0,0,0,0,0,9,5.6,3.6,2.0,1.1,2,FALSE,Jesse,Lingard,Lingard,12
242,9,0,0,0,0,0,0,0,0,0,0,0,3,0.2,0.7,0.0,0.1,1,FALSE,Juan,Mata,Mata,12
243,88,0,0,0,1,0,0,0,1,0,0,0,6,2.8,6.4,20.0,2.9,1,FALSE,Daniel,James,James,12
244,0,0,0,0,0,0,0,0,0,0,0,0,0,0.0,0.0,0.0,0.0,0,FALSE,Frederico,Rodrigues de Paula Santos,Fred,12
245,0,0,0,0,0,0,0,0,0,0,0,0,0,0.0,0.0,0.0,0.0,0,FALSE,Angel,Gomes,Gomes,12
246,1,0,0,0,0,0,0,0,0,0,0,0,2,0.0,0.3,0.0,0.0,1,FALSE,Andreas,Pereira,Pereira,12
247,0,0,0,0,0,0,0,0,0,0,0,0,0,0.0,0.0,0.0,0.0,0,FALSE,Nemanja,Matic,Matic,12
248,90,0,0,0,1,0,0,0,0,0,0,0,9,10.0,3.9,12.0,2.6,2,FALSE,Scott,McTominay,McTominay,12
249,0,0,0,0,0,0,0,0,0,0,0,0,0,0.0,0.0,0.0,0.0,0,FALSE,Tahith,Chong,Chong,12
250,0,0,0,0,0,0,0,0,0,0,0,0,0,0.0,0.0,0.0,0.0,0,FALSE,James,Garner,Garner,12
265,79,0,0,0,1,0,0,0,0,0,0,0,8,9.4,10.1,31.0,5.1,2,FALSE,Ayoze,Pérez,Pérez,9
266,90,0,0,0,3,0,0,0,0,0,0,0,7,2.0,2.9,6.0,1.1,2,FALSE,Miguel,Almirón,Almirón,13
267,0,0,0,0,0,0,0,0,0,0,0,0,0,0.0,0.0,0.0,0.0,0,FALSE,Christian,Atsu,Atsu,13
268,73,0,0,0,2,0,0,0,0,0,0,0,8,8.4,16.1,0.0,2.5,2,FALSE,Sung-yueng,Ki,Ki Sung-yueng,13
269,90,1,0,0,3,0,0,0,0,0,0,1,31,47.4,40.5,21.0,10.9,8,FALSE,Jonjo,Shelvey,Shelvey,13
270,16,0,1,0,1,0,0,0,1,0,0,0,9,17.0,11.5,0.0,2.9,3,FALSE,Sean,Longstaff,Longstaff,13
271,90,0,0,0,3,0,0,0,0,0,0,0,11,11.8,14.7,10.0,3.7,2,FALSE,Isaac,Hayden,Hayden,13
282,6,0,0,0,1,0,0,0,0,0,0,0,3,2.4,10.2,18.0,3.1,1,FALSE,Mario,Vrancic,Vrancic,14
283,90,0,0,0,1,0,0,0,0,0,0,0,11,15.2,62.8,8.0,8.6,2,FALSE,Emiliano,Buendía,Buendía,14
284,0,0,0,0,0,0,0,0,0,0,0,0,0,0.0,0.0,0.0,0.0,0,FALSE,Onel,Hernández,Hernández,14
285,83,0,0,1,0,0,0,0,0,0,0,0,12,11.6,18.8,23.0,5.3,3,FALSE,Marco,Stiepermann,Stiepermann,14
286,0,0,0,0,0,0,0,0,0,0,0,0,0,0.0,0.0,0.0,0.0,0,FALSE,Kenny,McLean,McLean,14
287,90,0,2,0,1,0,0,0,0,0,0,2,33,46.6,58.3,41.0,14.6,10,FALSE,Todd,Cantwell,Cantwell,14
288,90,0,0,0,1,0,0,0,0,0,0,0,22,17.0,17.8,4.0,3.9,2,FALSE,Moritz,Leitner,Leitner,14
289,3,0,0,0,1,0,0,0,0,0,0,0,3,2.2,0.1,0.0,0.2,1,FALSE,Alexander,Tettey,Tettey,14
290,86,0,0,1,0,0,0,0,0,0,0,0,19,19.6,13.3,4.0,3.7,3,FALSE,Tom,Trybull,Trybull,14
300,0,0,0,0,0,0,0,0,0,0,0,0,0,0.0,0.0,0.0,0.0,0,FALSE,Mark,Duffy,Duffy,15
301,28,0,0,0,0,0,0,0,0,0,0,0,3,1.8,15.5,1.0,1.8,1,FALSE,John,Fleck,Fleck,15
302,90,0,0,1,0,0,0,0,0,0,0,0,17,18.0,61.8,8.0,8.8,3,FALSE,Oliver,Norwood,Norwood,15
320,90,0,0,0,2,0,0,0,0,0,0,0,6,4.6,22.9,11.0,3.9,2,FALSE,Nathan,Redmond,Redmond,16
321,90,0,0,0,2,0,0,0,0,0,0,0,15,11.2,29.5,2.0,4.3,2,FALSE,James,Ward-Prowse,Ward-Prowse,16
322,0,0,0,0,0,0,0,0,0,0,0,0,0,0.0,0.0,0.0,0.0,0,FALSE,Mohamed,Elyounoussi,Elyounoussi,16
323,22,0,0,0,1,0,0,0,0,0,0,0,4,0.4,0.7,0.0,0.1,1,FALSE,Stuart,Armstrong,Armstrong,16
324,0,0,0,0,0,0,0,0,0,0,0,0,0,0.0,0.0,0.0,0.0,0,FALSE,Mario,Lemina,Lemina,16
325,90,0,0,0,2,0,0,0,0,0,0,0,10,12.0,5.2,25.0,4.2,2,FALSE,Pierre-Emile,Højbjerg,Højbjerg,16
326,0,0,0,0,0,0,0,0,0,0,0,0,0,0.0,0.0,0.0,0.0,0,FALSE,Tyreke,Johnson,Johnson,16
327,0,0,0,0,0,0,0,0,0,0,0,0,0,0.0,0.0,0.0,0.0,0,FALSE,Callum,Slattery,Slattery,16
328,63,0,0,0,1,0,0,0,1,0,0,0,12,16.4,14.4,0.0,3.1,1,FALSE,Oriol,Romeu Vidal,Oriol Romeu,16
342,0,0,0,0,0,0,0,0,0,0,0,0,0,0.0,0.0,0.0,0.0,0,FALSE,Heung-Min,Son,Son,17
343,90,0,0,0,2,0,0,0,0,0,0,0,11,6.6,13.7,2.0,2.2,2,FALSE,Christian,Eriksen,Eriksen,17
344,0,0,0,0,0,0,0,0,0,0,0,0,0,0.0,0.0,0.0,0.0,0,FALSE,Bamidele,Alli,Alli,17
345,34,1,0,0,0,0,0,0,0,0,0,0,23,35.2,0.1,66.0,10.1,6,FALSE,Lucas,Rodrigues Moura da Silva,Lucas Moura,17
346,84,1,1,0,2,0,0,0,0,0,0,2,38,57.8,15.1,9.0,8.2,12,TRUE,Erik,Lamela,Lamela,17
347,55,0,0,0,2,0,0,0,0,0,0,0,10,9.4,0.8,0.0,1.0,1,FALSE,Harry,Winks,Winks,17
348,0,0,0,0,0,0,0,0,0,0,0,0,0,0.0,0.0,0.0,0.0,0,FALSE,Victor,Wanyama,Wanyama,17
349,90,0,0,0,2,0,0,0,0,0,0,0,12,6.8,1.7,0.0,0.9,2,FALSE,Moussa,Sissoko,Sissoko,17
350,0,0,0,0,0,0,0,0,0,0,0,0,0,0.0,0.0,0.0,0.0,0,FALSE,Eric,Dier,Dier,17
351,0,0,0,0,0,0,0,0,0,0,0,0,0,0.0,0.0,0.0,0.0,0,FALSE,Luke,Amos,Amos,17
352,1,0,0,0,0,0,0,0,0,0,0,0,3,5.0,0.1,0.0,0.5,1,FALSE,Oliver,Skipp,Skipp,17
368,90,0,0,0,1,0,0,0,0,0,0,0,7,12.6,12.2,6.0,3.1,2,FALSE,Abdoulaye,Doucouré,Doucouré,18
369,90,0,0,0,1,0,0,0,1,0,0,0,-1,3.0,7.3,28.0,3.8,1,FALSE,Roberto,Pereyra,Pereyra,18
370,66,0,0,0,1,0,0,0,0,0,0,0,10,6.4,6.8,6.0,1.9,2,FALSE,Will,Hughes,Hughes,18
371,11,0,0,0,0,0,0,0,0,0,0,0,3,2.2,0.3,0.0,0.3,1,FALSE,Tom,Cleverley,Cleverley,18
372,0,0,0,0,0,0,0,0,0,0,0,0,0,0.0,0.0,0.0,0.0,0,FALSE,Ken,Sema,Sema,18
373,82,0,0,0,1,0,0,0,1,0,0,0,12,4.6,2.2,10.0,1.7,1,FALSE,Etienne,Capoue,Capoue,18
374,0,0,0,0,0,0,0,0,0,0,0,0,0,0.0,0.0,0.0,0.0,0,FALSE,Nathaniel,Chalobah,Chalobah,18
375,0,0,0,0,0,0,0,0,0,0,0,0,0,0.0,0.0,0.0,0.0,0,FALSE,Domingos,Quina,Quina,18
389,45,0,0,0,1,0,0,0,0,0,0,0,0,6.4,1.2,58.0,6.6,1,FALSE,Michail,Antonio,Antonio,19
390,0,0,0,0,0,0,0,0,0,0,0,0,0,0.0,0.0,0.0,0.0,0,FALSE,Felipe Anderson,Pereira Gomes,Felipe Anderson,19
391,90,0,1,0,1,0,0,0,0,0,0,3,34,34.0,48.8,3.0,8.6,8,FALSE,Manuel,Lanzini,Lanzini,19
392,13,0,0,0,0,0,0,0,0,0,0,0,2,0.4,1.3,0.0,0.2,1,FALSE,Andriy,Yarmolenko,Yarmolenko,19
393,90,0,0,0,1,0,0,0,0,0,0,0,7,14.2,5.5,21.0,4.1,2,FALSE,Robert,Snodgrass,Snodgrass,19
394,45,0,0,0,0,0,0,0,0,0,0,0,1,0.0,1.8,0.0,0.1,1,FALSE,Jack,Wilshere,Wilshere,19
395,90,0,0,0,1,0,0,0,1,0,0,0,9,8.2,11.9,1.0,2.1,1,FALSE,Declan,Rice,Rice,19
396,0,0,0,0,0,0,0,0,0,0,0,0,0,0.0,0.0,0.0,0.0,0,FALSE,Mark,Noble,Noble,19
397,7,0,0,0,0,0,0,0,0,0,0,0,3,0.0,0.1,0.0,0.0,1,FALSE,Carlos,Sánchez,Carlos Sánchez,19
398,0,0,0,0,0,0,0,0,0,0,0,0,0,0.0,0.0,0.0,0.0,0,FALSE,Grady,Diangana,Diangana,19
399,76,0,0,0,1,0,0,0,0,0,0,0,4,4.6,2.8,3.0,1.0,2,FALSE,Pablo,Fornals,Fornals,19
400,0,0,0,0,0,0,0,0,0,0,0,0,0,0.0,0.0,0.0,0.0,0,FALSE,Pedro,Obiang,Obiang,19
414,90,1,0,0,1,0,0,0,1,0,0,1,22,43.2,1.4,7.0,5.2,7,FALSE,Rúben Diogo,da Silva Neves,Neves,20
415,90,0,1,0,1,0,0,0,0,0,0,3,27,36.0,38.8,0.0,7.5,8,FALSE,João Filipe Iria,Santos Moutinho,Moutinho,20
416,0,0,0,0,0,0,0,0,0,0,0,0,0,0.0,0.0,0.0,0.0,0,FALSE,Morgan,Gibbs-White,Gibbs-White,20
417,45,0,0,0,0,0,0,0,0,0,0,0,4,5.8,15.9,6.0,2.8,1,FALSE,Adama,Traoré,Traoré,20
418,0,0,0,0,0,0,0,0,0,0,0,0,0,0.0,0.0,0.0,0.0,0,FALSE,Hélder,Costa,Costa,20
419,0,0,0,0,0,0,0,0,0,0,0,0,0,0.0,0.0,0.0,0.0,0,FALSE,Ivan,Cavaleiro,Cavaleiro,20
420,90,0,0,0,1,0,0,0,0,0,0,0,4,0.2,3.1,8.0,1.1,2,FALSE,Leander,Dendoncker,Dendoncker,20
421,84,1,0,0,1,0,0,0,0,0,0,0,20,31.8,2.3,35.0,6.9,7,FALSE,Leandro,Trossard,Trossard,4
422,90,0,0,1,0,0,0,0,1,0,0,0,12,13.4,21.9,0.0,3.5,2,FALSE,André Filipe,Tavares Gomes,André Gomes,8
430,18,0,0,0,0,0,0,0,0,0,0,0,4,1.4,0.3,2.0,0.4,1,FALSE,Aaron,Lennon,Lennon,5
431,70,0,0,0,1,0,0,0,0,0,0,0,3,6.2,3.5,4.0,1.4,2,FALSE,Christian,Pulisic,Pulisic,6
432,19,0,0,0,0,0,0,0,0,0,0,0,4,2.8,0.4,0.0,0.3,1,FALSE,Mateo,Kovacic,Kovacic,6
435,0,0,0,0,0,0,0,0,0,0,0,0,0,0.0,0.0,0.0,0.0,0,FALSE,Patrick,Roberts,Roberts,14
438,13,0,0,0,0,0,0,0,1,0,0,0,0,1.4,0.5,0.0,0.2,0,FALSE,Moussa,Djenepo,Djenepo,16
441,61,0,0,1,0,0,0,0,1,0,0,0,2,6.4,13.4,10.0,3.0,2,FALSE,Luke,Freeman,Freeman,15
442,90,0,1,0,2,0,0,0,0,0,0,1,31,42.6,11.5,0.0,5.4,6,FALSE,Tanguy,Ndombele,Ndombele,17
443,77,0,0,0,2,0,0,0,0,0,0,0,16,23.4,24.2,7.0,5.5,2,FALSE,Rodrigo,Hernandez,Rodrigo,11
448,90,0,0,0,1,0,0,0,0,0,0,0,6,4.6,4.8,23.0,3.2,2,FALSE,Youri,Tielemans,Tielemans,9
453,55,0,0,0,0,0,0,0,0,0,0,0,-1,0.0,2.3,21.0,2.3,1,FALSE,Callum,Robinson,Robinson,15
456,0,0,0,0,0,0,0,0,0,0,0,0,0,0.0,0.0,0.0,0.0,0,FALSE,Ravel,Morrison,Morrison,15
462,0,0,0,0,0,0,0,0,0,0,0,0,0,0.0,0.0,0.0,0.0,0,FALSE,Robert Kenedy,Nunes do Nascimento,Kenedy,6
463,90,1,0,0,1,0,0,0,0,0,0,3,27,50.2,23.1,77.0,15.0,10,FALSE,Mason,Mount,Mount,6
465,86,0,0,0,2,0,0,0,0,0,0,0,0,6.4,7.6,61.0,7.5,2,FALSE,Mahmoud Ahmed,Ibrahim Hassan,Trézéguet,2
469,82,0,2,0,1,0,0,0,0,0,0,3,38,47.8,48.3,20.0,11.6,11,TRUE,Daniel,Ceballos Fernández,Ceballos,1
470,90,1,0,0,2,0,0,0,0,0,0,2,33,46.0,13.6,15.0,7.5,9,FALSE,Douglas Luiz,Soares de Paulo,Douglas Luiz,2
472,0,0,0,0,0,0,0,0,0,0,0,0,0,0.0,0.0,0.0,0.0,0,FALSE,Ben,Osborn,Osborn,15
476,45,0,0,0,0,0,0,0,1,0,0,0,0,2.8,1.3,1.0,0.5,0,FALSE,Philip,Billing,Billing,3
480,0,0,0,0,0,0,0,0,0,0,0,0,0,0.0,0.0,0.0,0.0,0,FALSE,Andy,King,King,9
482,0,0,0,0,0,0,0,0,0,0,0,0,0,0.0,0.0,0.0,0.0,0,FALSE,Jack,Colback,Colback,13
483,0,0,0,0,0,0,0,0,0,0,0,0,0,0.0,0.0,0.0,0.0,0,FALSE,Jacob,Murphy,Murphy,13
488,45,0,0,0,0,0,0,0,0,0,0,0,6,16.6,26.3,9.0,5.2,1,FALSE,Nicolas,Pépé,Pépé,1
489,45,0,0,0,1,0,0,0,0,0,0,0,-1,3.2,12.3,37.0,5.3,1,FALSE,Reiss,Nelson,Nelson,1
490,90,0,0,0,1,0,0,0,0,0,0,0,14,16.6,28.3,22.0,6.7,2,FALSE,Joseph,Willock,Willock,1
491,0,0,0,0,0,0,0,0,0,0,0,0,0,0.0,0.0,0.0,0.0,0,FALSE,Marvelous,Nakamba,Nakamba,2
492,0,0,0,0,0,0,0,0,0,0,0,0,0,0.0,0.0,0.0,0.0,0,FALSE,Arnaut,Danjuma Groeneveld,Danjuma,3
497,90,0,0,1,0,0,0,0,0,0,0,0,8,13.2,1.7,0.0,1.5,3,FALSE,Jean-Philippe,Gbamin,Gbamin,8
499,0,0,0,0,0,0,0,0,0,0,0,0,0,0.0,0.0,0.0,0.0,0,FALSE,Rolando,Aarons,Aarons,13
500,0,0,0,0,0,0,0,0,0,0,0,0,0,0.0,0.0,0.0,0.0,0,FALSE,Allan,Saint-Maximin,Saint-Maximin,13
505,75,1,0,0,1,0,0,0,0,0,0,1,26,33.4,4.3,40.0,7.8,8,FALSE,Harry,Wilson,Wilson,3
507,0,0,0,0,0,0,0,0,0,0,0,0,0,0.0,0.0,0.0,0.0,0,FALSE,Ibrahim,Amadou,Amadou,14
508,0,0,0,0,0,0,0,0,0,0,0,0,0,0.0,0.0,0.0,0.0,0,FALSE,Sofiane,Boufal,Boufal,16
510,0,0,0,0,0,0,0,0,0,0,0,0,0,0.0,0.0,0.0,0.0,0,FALSE,Víctor,Camarasa,Camarasa,7
516,5,0,0,0,0,0,0,0,0,0,0,0,3,0.2,0.5,0.0,0.1,1,FALSE,Aaron,Mooy,Mooy,4
517,17,0,0,0,0,0,0,0,0,0,0,0,8,5.0,0.1,0.0,0.5,1,FALSE,Dennis,Praet,Praet,9
522,0,0,0,0,0,0,0,0,0,0,0,0,0,0.0,0.0,0.0,0.0,0,FALSE,Muhamed,Bešić,Bešić,15
523,5,0,0,0,0,0,0,0,0,0,0,0,3,0.0,0.3,0.0,0.0,1,FALSE,Giovani,Lo Celso,Lo Celso,17
524,0,0,0,0,0,0,0,0,0,0,0,0,0,0.0,0.0,0.0,0.0,0,FALSE,Ryan,Sessegnon,Sessegnon,17
525,0,0,0,0,0,0,0,0,0,0,0,0,0,0.0,0.0,0.0,0.0,0,FALSE,Ismaïla,Sarr,Sarr,18
527,0,0,0,0,0,0,0,0,0,0,0,0,0,0.0,0.0,0.0,0.0,0,FALSE,Georges-Kévin,Nkoudou,Nkoudou,17
528,4,0,0,0,0,0,0,0,0,0,0,0,1,0.0,1.6,2.0,0.4,1,FALSE,Pedro,Lomba Neto,Neto,20
11,90,1,0,0,1,0,0,0,1,0,0,1,25,42.2,18.9,33.0,9.4,6,FALSE,Pierre-Emerick,Aubameyang,Aubameyang,1
12,70,1,0,0,1,0,0,0,0,0,0,2,26,36.2,11.8,58.0,10.6,8,FALSE,Alexandre,Lacazette,Lacazette,1
13,0,0,0,0,0,0,0,0,0,0,0,0,0,0.0,0.0,0.0,0.0,0,FALSE,Edward,Nketiah,Nketiah,1
26,0,0,0,0,0,0,0,0,0,0,0,0,0,0.0,0.0,0.0,0.0,0,FALSE,Jonathan,Kodjia,Kodjia,2
44,73,0,0,0,1,0,0,0,0,0,0,0,4,0.0,13.3,8.0,2.1,2,FALSE,Glenn,Murray,Murray,4
45,0,0,0,0,0,0,0,0,0,0,0,0,0,0.0,0.0,0.0,0.0,0,FALSE,Jürgen,Locadia,Locadia,4
46,16,0,0,0,0,0,0,0,0,0,0,0,3,4.0,10.5,2.0,1.7,1,FALSE,Florin,Andone,Andone,4
67,90,0,1,0,1,0,0,0,0,0,0,0,16,11.4,52.1,26.0,9.0,5,FALSE,Callum,Wilson,Wilson,3
68,90,1,0,0,1,0,0,0,0,0,0,0,22,39.6,3.5,28.0,7.1,6,FALSE,Joshua,King,King,3
69,14,0,0,0,0,0,0,0,0,0,0,0,7,2.8,10.5,2.0,1.5,1,FALSE,Dominic,Solanke,Solanke,3
70,0,0,0,0,0,0,0,0,0,0,0,0,0,0.0,0.0,0.0,0.0,0,FALSE,Lys,Mousset,Mousset,15
71,0,0,0,0,0,0,0,0,0,0,0,0,0,0.0,0.0,0.0,0.0,0,FALSE,Sam,Surridge,Surridge,3
90,90,1,0,0,2,0,0,0,1,0,0,0,22,38.0,3.5,81.0,12.3,5,FALSE,Ashley,Barnes,Barnes,5
91,60,0,0,0,1,0,0,0,0,0,0,0,6,1.4,12.8,8.0,2.2,2,FALSE,Chris,Wood,Wood,5
92,0,0,0,0,0,0,0,0,0,0,0,0,0,0.0,0.0,0.0,0.0,0,FALSE,Matej,Vydra,Vydra,5
110,61,0,0,1,0,0,0,0,0,0,0,0,11,12.4,33.8,21.0,6.7,2,FALSE,Olivier,Giroud,Giroud,6
129,90,0,0,0,1,0,0,0,0,0,0,0,11,11.6,12.3,21.0,4.5,2,FALSE,Christian,Benteke,Benteke,7
130,8,0,0,0,0,0,0,0,0,0,0,0,2,0.0,0.3,0.0,0.0,1,FALSE,Connor,Wickham,Wickham,7
146,0,0,0,0,0,0,0,0,0,0,0,0,0,0.0,0.0,0.0,0.0,0,FALSE,Cenk,Tosun,Tosun,8
147,71,0,0,1,0,0,0,0,0,0,0,0,6,4.4,0.7,2.0,0.7,2,FALSE,Dominic,Calvert-Lewin,Calvert-Lewin,8
166,90,0,0,0,1,0,0,0,0,0,0,0,-3,0.0,2.3,10.0,0.9,2,FALSE,Jamie,Vardy,Vardy,9
167,0,0,0,0,0,0,0,0,0,0,0,0,0,0.0,0.0,0.0,0.0,0,FALSE,Kelechi,Iheanacho,Iheanacho,9
187,90,1,0,0,1,0,0,0,0,0,0,2,31,36.4,7.2,32.0,7.6,8,FALSE,Roberto,Firmino,Firmino,10
188,11,0,0,0,1,0,0,0,0,0,0,0,3,0.2,0.6,0.0,0.1,1,FALSE,Divock,Origi,Origi,10
210,65,1,0,0,2,0,0,0,0,0,0,0,27,31.4,10.9,51.0,9.3,6,FALSE,Sergio,Agüero,Agüero,11
211,24,0,0,0,0,0,0,0,0,0,0,0,3,0.0,0.8,48.0,4.7,1,FALSE,Gabriel Fernando,de Jesus,Jesus,11
232,0,0,0,0,0,0,0,0,0,0,0,0,0,0.0,0.0,0.0,0.0,0,FALSE,Romelu,Lukaku,Lukaku,12
233,88,0,1,0,1,0,0,0,0,0,0,1,22,17.8,25.2,9.0,5.2,6,FALSE,Marcus,Rashford,Rashford,12
234,1,0,0,0,0,0,0,0,0,0,0,0,5,2.2,2.0,0.0,0.4,1,FALSE,Mason,Greenwood,Greenwood,12
260,23,0,0,0,1,0,0,0,0,0,0,0,2,0.0,1.5,2.0,0.3,1,FALSE,Yoshinori,Muto,Muto,13
261,0,0,0,0,0,0,0,0,0,0,0,0,0,0.0,0.0,0.0,0.0,0,FALSE,Jose Luis,Mato Sanmartín,Joselu,13
278,90,3,0,0,1,0,0,0,0,0,0,3,83,112.4,12.6,114.0,23.9,17,TRUE,Teemu,Pukki,Pukki,14
279,0,0,0,0,0,0,0,0,0,0,0,0,0,0.0,0.0,0.0,0.0,0,FALSE,Dennis,Srbeny,Srbeny,14
298,0,0,0,0,0,0,0,0,0,0,0,0,0,0.0,0.0,0.0,0.0,0,FALSE,Billy,Sharp,Sharp,15
303,88,0,0,1,0,0,0,0,0,0,0,0,4,9.6,2.5,53.0,6.5,2,FALSE,David,McGoldrick,McGoldrick,15
312,0,0,0,0,0,0,0,0,0,0,0,0,0,0.0,0.0,0.0,0.0,0,FALSE,Charlie,Austin,Austin,16
313,26,1,0,0,1,0,0,0,0,0,0,1,22,29.2,0.8,59.0,8.9,6,FALSE,Danny,Ings,Ings,16
314,0,0,0,0,0,0,0,0,0,0,0,0,0,0.0,0.0,0.0,0.0,0,FALSE,Michael,Obafemi,Obafemi,16
315,0,0,0,0,0,0,0,0,0,0,0,0,0,0.0,0.0,0.0,0.0,0,FALSE,Shane,Long,Long,16
316,0,0,0,0,0,0,0,0,0,0,0,0,0,0.0,0.0,0.0,0.0,0,FALSE,Sam,Gallagher,Gallagher,16
338,90,0,0,0,2,0,0,0,0,0,0,0,4,0.4,1.8,4.0,0.6,2,FALSE,Harry,Kane,Kane,17
339,0,0,0,0,0,0,0,0,0,0,0,0,0,0.0,0.0,0.0,0.0,0,FALSE,Vincent,Janssen,Janssen,17
362,90,0,0,0,1,0,0,0,0,0,0,0,5,9.0,12.8,37.0,5.9,2,FALSE,Troy,Deeney,Deeney,18
363,78,0,0,0,1,0,0,0,0,0,0,0,11,9.0,29.3,12.0,5.0,2,FALSE,Gerard,Deulofeu,Deulofeu,18
364,7,0,0,0,0,0,0,0,0,0,0,0,4,2.0,11.3,0.0,1.3,1,FALSE,Andre,Gray,Gray,18
365,0,0,0,0,0,0,0,0,0,0,0,0,0,0.0,0.0,0.0,0.0,0,FALSE,Isaac,Success Ajayi,Success,18
385,0,0,0,0,0,0,0,0,0,0,0,0,0,0.0,0.0,0.0,0.0,0,FALSE,Marko,Arnautovic,Arnautovic,19
386,82,1,0,0,1,0,0,0,0,0,0,2,29,34.0,1.2,21.0,5.6,8,TRUE,Javier,Hernández Balcázar,Chicharito,19
387,0,0,0,0,0,0,0,0,0,0,0,0,0,0.0,0.0,0.0,0.0,0,FALSE,Alexandre Nascimento,Costa Silva,Xande Silva,19
409,90,0,0,0,1,0,0,0,0,0,0,0,6,4.6,2.5,22.0,2.9,2,FALSE,Raúl,Jiménez,Jiménez,20
410,85,0,0,0,1,0,0,0,0,0,0,0,-2,3.0,13.3,12.0,2.8,2,FALSE,Diogo,Jota,Jota,20
428,90,0,0,0,2,0,0,0,0,0,0,0,6,5.8,11.2,31.0,4.8,2,FALSE,Wesley,Moraes,Wesley,2
434,0,0,0,0,0,0,0,0,0,0,0,0,0,0.0,0.0,0.0,0.0,0,FALSE,Josip,Drmic,Drmic,14
437,67,0,0,0,1,0,0,0,0,0,0,0,4,0.2,12.2,16.0,2.8,2,FALSE,Che,Adams,Adams,16
451,29,0,0,0,1,0,0,0,0,0,0,0,1,0.0,0.0,10.0,1.0,1,FALSE,Jay,Rodriguez,Rodriguez,5
457,0,0,0,0,0,0,0,0,0,0,0,0,0,0.0,0.0,0.0,0.0,0,FALSE,Sébastien,Haller,Haller,19
460,29,0,0,0,1,0,0,0,0,0,0,0,2,0.0,11.6,5.0,1.5,1,FALSE,Tammy,Abraham,Abraham,6
461,0,0,0,0,0,0,0,0,0,0,0,0,0,0.0,0.0,0.0,0.0,0,FALSE,Michy,Batshuayi,Batshuayi,6
464,0,0,0,0,0,0,0,0,0,0,0,0,0,0.0,0.0,0.0,0.0,0,FALSE,Rhian,Brewster,Brewster,10
466,66,0,0,0,2,0,0,0,1,0,0,0,0,2.0,12.3,12.0,2.6,1,FALSE,Joelinton Cássio,Apolinário de Lira,Joelinton,13
468,0,0,0,0,0,0,0,0,0,0,0,0,0,0.0,0.0,0.0,0.0,0,FALSE,Jordan,Ayew,Ayew,7
487,1,0,0,0,0,0,0,0,0,0,0,0,2,0.0,0.0,0.0,0.0,1,FALSE,Patrick,Cutrone,Cutrone,20
496,18,0,0,0,0,0,0,0,0,0,0,0,1,0.0,0.7,5.0,0.4,1,FALSE,Moise,Kean,Kean,8
501,34,0,0,0,0,0,0,0,0,0,0,0,1,3.2,1.4,13.0,1.8,1,FALSE,Oliver,McBurnie,McBurnie,15
502,23,0,0,0,0,0,0,0,0,0,0,0,-4,0.2,5.8,14.0,2.0,1,FALSE,Neal,Maupay,Maupay,4
504,0,0,0,0,0,0,0,0,0,0,0,0,0,0.0,0.0,0.0,0.0,0,FALSE,Gabriel Teodoro,Martinelli Silva,Martinelli,1
509,0,0,0,0,0,0,0,0,0,0,0,0,0,0.0,0.0,0.0,0.0,0,FALSE,Troy,Parrott,Parrott,17
512,23,0,0,0,0,0,0,0,0,0,0,0,2,8.4,0.8,0.0,0.9,1,FALSE,Danny,Welbeck,Welbeck,18
514,0,0,0,0,0,0,0,0,0,0,0,0,0,0.0,0.0,0.0,0.0,0,FALSE,Albian,Ajeti,Ajeti,19
520,0,0,0,0,0,0,0,0,0,0,0,0,0,0.0,0.0,0.0,0.0,0,FALSE,Andy,Carroll,Carroll,13
